<?xml version="1.0" encoding="UTF-8"?><rss version="2.0"
	xmlns:content="http://purl.org/rss/1.0/modules/content/"
	xmlns:wfw="http://wellformedweb.org/CommentAPI/"
	xmlns:dc="http://purl.org/dc/elements/1.1/"
	xmlns:atom="http://www.w3.org/2005/Atom"
	xmlns:sy="http://purl.org/rss/1.0/modules/syndication/"
	xmlns:slash="http://purl.org/rss/1.0/modules/slash/"
	>

<channel>
	<title>HearMe</title>
	<atom:link href="./index.html" rel="self" type="application/rss+xml" />
	<link>./../index.html</link>
	<description>Listen to Enjoy, Listen to Learn</description>
	<lastBuildDate>Fri, 18 Mar 2022 08:18:53 +0000</lastBuildDate>
	<language>en-US</language>
	<sy:updatePeriod>
	hourly	</sy:updatePeriod>
	<sy:updateFrequency>
	1	</sy:updateFrequency>
	<generator>https://wordpress.org/?v=5.9.2</generator>

<image>
	<url>/wp-content/uploads/2022/03/cropped-audiobook-32x32.png</url>
	<title>HearMe</title>
	<link>./../index.html</link>
	<width>32</width>
	<height>32</height>
</image> 
</channel>
</rss>

<!--
Performance optimized by W3 Total Cache. Learn more: https://www.boldgrid.com/w3-total-cache/

Object Caching 15/23 objects using redis
Page Caching using redis 
Database Caching using redis

Served from: _ @ 2022-05-10 04:11:28 by W3 Total Cache
-->